{"cameraMode":{"drawMode":0,"name":"Shaded","section":"Shading Mode"},"sceneLighting":true,"audioPlay":false,"sceneViewState":{"m_AlwaysRefresh":false,"showFog":true,"showSkybox":false,"showFlares":true,"showImageEffects":true,"showParticleSystems":true,"showVisualEffectGraphs":true,"m_FxEnabled":true},"in2DMode":false,"pivot":{"x":-0.30418145656585696,"y":4.017467975616455,"z":2.144787073135376},"rotation":{"x":-0.060124944895505908,"y":0.6974020004272461,"z":-0.05896782875061035,"w":-0.7118005752563477},"size":5.941866397857666,"orthographic":false}