{"cameraMode":{"drawMode":0,"name":"Shaded","section":"Shading Mode"},"sceneLighting":true,"audioPlay":false,"sceneViewState":{"m_AlwaysRefresh":false,"showFog":true,"showSkybox":false,"showFlares":true,"showImageEffects":true,"showParticleSystems":true,"showVisualEffectGraphs":true,"m_FxEnabled":true},"in2DMode":false,"pivot":{"x":1.5291283130645753,"y":3.3994860649108888,"z":-0.0027301162481307985},"rotation":{"x":-0.060124944895505908,"y":0.6974020004272461,"z":-0.05896782875061035,"w":-0.7118005752563477},"size":3.8766374588012697,"orthographic":false}