{"cameraMode":{"drawMode":0,"name":"Shaded","section":"Shading Mode"},"sceneLighting":false,"audioPlay":false,"sceneViewState":{"m_AlwaysRefresh":false,"showFog":true,"showSkybox":false,"showFlares":true,"showImageEffects":true,"showParticleSystems":true,"showVisualEffectGraphs":true,"m_FxEnabled":true},"in2DMode":false,"pivot":{"x":-0.000005364418029785156,"y":0.4638107419013977,"z":-0.00000286102294921875},"rotation":{"x":-0.2308344542980194,"y":-0.7090256810188294,"z":0.2683452367782593,"w":-0.6099135279655457},"size":3.141408681869507,"orthographic":false}