{"cameraMode":{"drawMode":0,"name":"Shaded","section":"Shading Mode"},"sceneLighting":false,"audioPlay":false,"sceneViewState":{"m_AlwaysRefresh":false,"showFog":true,"showSkybox":false,"showFlares":true,"showImageEffects":true,"showParticleSystems":true,"showVisualEffectGraphs":true,"m_FxEnabled":true},"in2DMode":false,"pivot":{"x":-0.000001862645149230957,"y":1.5134618282318116,"z":-0.0000014007091522216797},"rotation":{"x":-0.012950299307703972,"y":0.7051025032997131,"z":-0.012944231741130352,"w":-0.7089404463768005},"size":1.5919543504714966,"orthographic":false}