{"cameraMode":{"drawMode":0,"name":"Shaded","section":"Shading Mode"},"sceneLighting":false,"audioPlay":false,"sceneViewState":{"m_AlwaysRefresh":false,"showFog":true,"showSkybox":false,"showFlares":true,"showImageEffects":true,"showParticleSystems":true,"showVisualEffectGraphs":true,"m_FxEnabled":true},"in2DMode":false,"pivot":{"x":4.384940147399902,"y":1.4201627969741822,"z":3.1480562686920168},"rotation":{"x":0.029813552275300027,"y":0.769871711730957,"z":0.036043550819158557,"w":-0.6365833282470703},"size":1.3788701295852662,"orthographic":false}