{"cameraMode":{"drawMode":0,"name":"Shaded","section":"Shading Mode"},"sceneLighting":false,"audioPlay":false,"sceneViewState":{"m_AlwaysRefresh":false,"showFog":true,"showSkybox":false,"showFlares":true,"showImageEffects":true,"showParticleSystems":true,"showVisualEffectGraphs":true,"m_FxEnabled":true},"in2DMode":false,"pivot":{"x":0.010810613632202149,"y":3.7824902534484865,"z":-4.172325134277344e-7},"rotation":{"x":-0.02429920993745327,"y":-0.026391951367259027,"z":0.0006394991069100797,"w":-0.9993631839752197},"size":8.117233276367188,"orthographic":false}