{"cameraMode":{"drawMode":0,"name":"Shaded","section":"Shading Mode"},"sceneLighting":false,"audioPlay":false,"sceneViewState":{"m_AlwaysRefresh":false,"showFog":true,"showSkybox":false,"showFlares":true,"showImageEffects":true,"showParticleSystems":true,"showVisualEffectGraphs":true,"m_FxEnabled":true},"in2DMode":false,"pivot":{"x":-1.6218502521514893,"y":2.2422521114349367,"z":-0.21860085427761079},"rotation":{"x":-0.10122941434383393,"y":-0.6638842821121216,"z":0.09139565378427506,"w":-0.7352980971336365},"size":1.0588446855545045,"orthographic":false}