{"cameraMode":{"drawMode":0,"name":"Shaded","section":"Shading Mode"},"sceneLighting":false,"audioPlay":false,"sceneViewState":{"m_AlwaysRefresh":false,"showFog":true,"showSkybox":false,"showFlares":true,"showImageEffects":true,"showParticleSystems":true,"showVisualEffectGraphs":true,"m_FxEnabled":true},"in2DMode":false,"pivot":{"x":3.5524682998657228,"y":5.491317272186279,"z":-2.811824321746826},"rotation":{"x":-0.05256780609488487,"y":-0.09065136313438416,"z":0.004789583384990692,"w":-0.9944880604743958},"size":14.280388832092286,"orthographic":false}