{"cameraMode":{"drawMode":0,"name":"Shaded","section":"Shading Mode"},"sceneLighting":false,"audioPlay":false,"sceneViewState":{"m_AlwaysRefresh":false,"showFog":true,"showSkybox":false,"showFlares":true,"showImageEffects":true,"showParticleSystems":true,"showVisualEffectGraphs":true,"m_FxEnabled":true},"in2DMode":false,"pivot":{"x":0.0000019073486328125,"y":0.16353508830070496,"z":0.0000019073486328125},"rotation":{"x":-0.15853025019168855,"y":-0.6910669207572937,"z":0.159484401345253,"w":-0.6869267821311951},"size":21.21384048461914,"orthographic":false}