{"cameraMode":{"drawMode":0,"name":"Shaded","section":"Shading Mode"},"sceneLighting":false,"audioPlay":false,"sceneViewState":{"m_AlwaysRefresh":false,"showFog":true,"showSkybox":false,"showFlares":true,"showImageEffects":true,"showParticleSystems":true,"showVisualEffectGraphs":true,"m_FxEnabled":true},"in2DMode":false,"pivot":{"x":0.0000019073486328125,"y":0.43852996826171877,"z":-0.000009059906005859375},"rotation":{"x":-0.2308344542980194,"y":-0.7090256810188294,"z":0.2683452367782593,"w":-0.6099135279655457},"size":16.77044677734375,"orthographic":false}