{"cameraMode":{"drawMode":0,"name":"Shaded","section":"Shading Mode"},"sceneLighting":false,"audioPlay":false,"sceneViewState":{"m_AlwaysRefresh":false,"showFog":true,"showSkybox":false,"showFlares":true,"showImageEffects":true,"showParticleSystems":true,"showVisualEffectGraphs":true,"m_FxEnabled":true},"in2DMode":false,"pivot":{"x":-0.00031498074531555176,"y":0.8903812766075134,"z":0.038961008191108707},"rotation":{"x":-0.017842017114162446,"y":0.9396265745162964,"z":-0.04968300834298134,"w":-0.3383273482322693},"size":1.1458131074905396,"orthographic":false}