{"cameraMode":{"drawMode":0,"name":"Shaded","section":"Shading Mode"},"sceneLighting":false,"audioPlay":false,"sceneViewState":{"m_AlwaysRefresh":false,"showFog":true,"showSkybox":false,"showFlares":true,"showImageEffects":true,"showParticleSystems":true,"showVisualEffectGraphs":true,"m_FxEnabled":true},"in2DMode":false,"pivot":{"x":-3.046025037765503,"y":1.9756181240081788,"z":-0.7327187657356262},"rotation":{"x":-0.06095030531287193,"y":-0.6678959727287293,"z":0.055030591785907748,"w":-0.7397187352180481},"size":1.6827605962753297,"orthographic":false}