{"cameraMode":{"drawMode":0,"name":"Shaded","section":"Shading Mode"},"sceneLighting":false,"audioPlay":false,"sceneViewState":{"m_AlwaysRefresh":false,"showFog":true,"showSkybox":false,"showFlares":true,"showImageEffects":true,"showParticleSystems":true,"showVisualEffectGraphs":true,"m_FxEnabled":true},"in2DMode":false,"pivot":{"x":0.0000019073486328125,"y":0.2645149827003479,"z":-0.00000476837158203125},"rotation":{"x":-0.3007303476333618,"y":-0.49802061915397646,"z":0.1893405169248581,"w":-0.7910072803497315},"size":14.23660659790039,"orthographic":false}