{"cameraMode":{"drawMode":0,"name":"Shaded","section":"Shading Mode"},"sceneLighting":true,"audioPlay":false,"sceneViewState":{"m_AlwaysRefresh":false,"showFog":true,"showSkybox":false,"showFlares":true,"showImageEffects":true,"showParticleSystems":true,"showVisualEffectGraphs":true,"m_FxEnabled":true},"in2DMode":false,"pivot":{"x":1.8201804161071778,"y":4.942448139190674,"z":-0.0000017881393432617188},"rotation":{"x":-0.060124944895505908,"y":0.6974020004272461,"z":-0.05896782875061035,"w":-0.7118005752563477},"size":6.622125148773193,"orthographic":false}