{"cameraMode":{"drawMode":0,"name":"Shaded","section":"Shading Mode"},"sceneLighting":false,"audioPlay":false,"sceneViewState":{"m_AlwaysRefresh":false,"showFog":false,"showSkybox":false,"showFlares":false,"showImageEffects":false,"showParticleSystems":false,"showVisualEffectGraphs":true,"m_FxEnabled":true},"in2DMode":false,"pivot":{"x":0.00009757280349731445,"y":1.0317730903625489,"z":-0.0028906166553497316},"rotation":{"x":-0.03191404789686203,"y":0.7040551900863648,"z":-0.03170385956764221,"w":-0.7087205052375794},"size":1.382991075515747,"orthographic":false}