{"cameraMode":{"drawMode":0,"name":"Shaded","section":"Shading Mode"},"sceneLighting":false,"audioPlay":false,"sceneViewState":{"m_AlwaysRefresh":false,"showFog":true,"showSkybox":false,"showFlares":true,"showImageEffects":true,"showParticleSystems":true,"showVisualEffectGraphs":true,"m_FxEnabled":true},"in2DMode":false,"pivot":{"x":-14.764427185058594,"y":4.325289249420166,"z":1.3138954639434815},"rotation":{"x":0.0012890310026705266,"y":0.6986051797866821,"z":0.0012421028222888709,"w":-0.7155950665473938},"size":12.12435531616211,"orthographic":false}