{"cameraMode":{"drawMode":0,"name":"Shaded","section":"Shading Mode"},"sceneLighting":true,"audioPlay":false,"sceneViewState":{"m_AlwaysRefresh":false,"showFog":true,"showSkybox":false,"showFlares":true,"showImageEffects":true,"showParticleSystems":true,"showVisualEffectGraphs":true,"m_FxEnabled":true},"in2DMode":false,"pivot":{"x":1.0658661127090455,"y":6.550713539123535,"z":-5.198116302490234},"rotation":{"x":-0.08570954203605652,"y":0.002671436872333288,"z":-0.0002721996570471674,"w":-0.9963773488998413},"size":6.347494602203369,"orthographic":false}