{"cameraMode":{"drawMode":0,"name":"Shaded","section":"Shading Mode"},"sceneLighting":true,"audioPlay":false,"sceneViewState":{"m_AlwaysRefresh":false,"showFog":true,"showSkybox":false,"showFlares":true,"showImageEffects":true,"showParticleSystems":true,"showVisualEffectGraphs":true,"m_FxEnabled":true},"in2DMode":false,"pivot":{"x":0.1799755096435547,"y":2.421441078186035,"z":-2.980232238769531e-7},"rotation":{"x":-0.060124944895505908,"y":0.6974020004272461,"z":-0.05896782875061035,"w":-0.7118005752563477},"size":2.4871082305908205,"orthographic":false}