{"cameraMode":{"drawMode":0,"name":"Shaded","section":"Shading Mode"},"sceneLighting":false,"audioPlay":false,"sceneViewState":{"m_AlwaysRefresh":false,"showFog":true,"showSkybox":false,"showFlares":true,"showImageEffects":true,"showParticleSystems":true,"showVisualEffectGraphs":true,"m_FxEnabled":true},"in2DMode":false,"pivot":{"x":-0.00000762939453125,"y":5.33629035949707,"z":0.0000019073486328125},"rotation":{"x":0.008139103651046753,"y":-0.7175898551940918,"z":-0.008390883915126324,"w":-0.6963726282119751},"size":63.28193283081055,"orthographic":false}